system;brand;country;model;price;price_unit;section_dims_mm;load_unit_dims;tier_load_kg;section_load_kg;tiers;capacity;density;access;source_url;note
Горизонтальный / штабельный;Промверс;;Штабелируемый поддон с 4 угловыми стойками;28400;за шт.;1200×800×1500;1200×800×1500;800;3200;4;1 паллета;Средняя;LIFO;https://promvers.ru/shop/stellazhi-metallicheskie/;"Это штабелируемая паллета/тара, а не классический паллетный стеллаж; включено как вариант штабельного хранения. Консервативно: 800 кг/ярус."
Горизонтальный / штабельный;Промверс;;Штабелируемый поддон с 4 угловыми стойками для длинных грузов;29400;за шт.;1200×800×1500;Длинномер до 2000 мм;800;3200;4;1 паллета/длинномер;Средняя;LIFO;https://promvers.ru/shop/stellazhi-metallicheskie/;"Это штабелируемая паллета/тара, а не классический паллетный стеллаж. Консервативно: 800 кг/ярус."
Вертикальный — фронтальный;Экомет;Россия;СПФ 27113-60-3000;55625;за секцию;2700×1100×6000;1200×800×1500;3000;16000;3;2–3 паллеты;Средняя;FIFO/LIFO;https://ekomett.ru/stellazhi/palletnyie/frontalnyie/spf/;"Размер секции на странице задан как В/Ш/Г; преобразован в Д×Г×В. Вместимость паллет не указана — взято типичное 2–3."
Вертикальный — фронтальный;Склад-Сервис СПб;Россия;Фронтальный паллетный стеллаж ПТ2х2000х1980-2100;14318;за секцию;1980×1000×2000;1200×800×1500;2100;9000;3;6 (2×3);Средняя;FIFO/LIFO;https://www.sklad-srv.ru/catalog/skladskie-stellazhi/stellazhi-palletnye/;"На странице указано 3 уровня хранения, включая пол; 2 EUR паллеты на уровень."
Вертикальный — полочный;ДВК;Россия;СТЛ Э;7000;"от, за секцию";2000×600×2500;коробки/лотки;170;750;4;4–6 полок;Средняя;FIFO;https://www.dvkspb.ru/catalog/polochnye-stellazhi/;"Нагрузка: до 170 кг на полку, до 750 кг на секцию. Размеры и число ярусов не опубликованы — взято консервативно 4 яруса."
Вертикальный — полочный;ДВК;Россия;СТТ;16400;"от, за секцию";2000×600×2500;коробки/лотки;250;2400;4;4–6 полок;Средняя;FIFO;https://www.dvkspb.ru/catalog/polochnye-stellazhi/;Нагрузка до 250 кг на ярус и до 2400 кг на секцию. Консервативно 4 яруса.
Глубинное;Стор Эдж / Prostor;Россия;Prostor DriveIn;1200;"от, за паллетоместо";глубина 4–8 паллет × 1100 × 6000;1200×800×1500;13500;21500;3;12–24 паллеты (канал);Очень высокая;LIFO (односторонний);https://www.prostorage.ru/production/pallet-racking/;"Источник указывает до 13 500 кг на полку и до 21 500 кг на секцию; цена дана за паллетоместо. Консервативно 3 яруса."
Глубинное;Склад-Сервис СПб;Россия;Глубинные набивные стеллажи;9500 (ориентир);за паллетоместо;глубина 4–8 паллет × 1100 × 6000;1200×800×1500;1500;12000;3;12–24 паллеты (канал);Очень высокая;LIFO;https://www.sklad-srv.ru/catalog/skladskie-stellazhi/glubinnye-nabivnye-stellazhi/;"Для односторонней загрузки/выгрузки источник прямо указывает LIFO. Консервативно: 1500 кг/ярус, 3 яруса."
Глубинное / проходное;Экомет;Россия;Набивные паллетные стеллажи FIFO;по проекту;за проект;глубина 4–8 паллет × 1100 × 6000;1200×800×1500;1500;4500;3;12–24 паллеты (канал);Высокая;FIFO;https://ekomett.ru/stellazhi/palletnyie/nabivnyie/;"На странице описан вариант загрузки с одной стороны и выгрузки с другой; цена индивидуального проекта не опубликована. Консервативно 1500 кг/ярус."
Поточное;ГРОССВЕКТОР;Россия;Гравитационные стеллажи;по проекту;за проект;2700×1100×6000;1200×800×1500;1000;8000;3;6–12 паллет;Высокая;FIFO;https://grossvektor.ru/information/articles/tipyi-stellazhej-dlya-sklada/;"Источник описывает роликовые ярусы и FIFO; числовые габариты и цена в найденном материале не опубликованы. Консервативно 1000 кг/ярус."
Поточное;Prostor;Россия;Гравитационные стеллажи;по проекту;за проект;2700×1100×6000;1200×800×1500;1000;8000;3;6–12 паллет;Высокая;FIFO;https://www.prostorage.ru/publications/989/;"Источник описывает роликовые ярусы, угол около 4–5°, FIFO; цена в статье не указана. Консервативно 1000 кг/ярус."
Консольные;ASK Logistic;Россия;Консольный K1;22000;"от, за стеллаж";3000×400×3000;"Длинномер (трубы, профиль)";300;900;3;3 консоли × 1–2 места;Средняя;LIFO;https://www.asklogistic.ru/consolnye-stellazhi/;"Высота стойки 3000 мм; длина консоли 400 мм; 3 консоли; цена от 22 000 руб. Консервативно."
Консольные;ASK Logistic;Россия;Консольный K3;28000;"от, за стеллаж";3000×600×3000;"Длинномер (трубы, профиль)";300;900;3;3 консоли × 1–2 места;Средняя;LIFO;https://www.asklogistic.ru/consolnye-stellazhi/;"Высота стойки 3000 мм; длина консоли 600 мм; 3 консоли; цена от 28 000 руб."
Консольные;Grossvektor;Россия;СК3000х5000х3 (500 кг);354900;за стеллаж;5000×1300×3000;Длинномер;500;18000;3;3 консоли × 2–3 места;Средняя;LIFO;https://grossvektor.ru/catalog/stellazhi/konsolnyie-stellazhi/;"Размеры в источнике заданы В×Ш×Г; преобразованы в Д×Г×В."
Мезонины;Мезонин-стеллаж;Россия;Мезонин на базе паллетных стеллажей;14000;"от, за м²";по проекту (высота 5–8 м);паллеты / короба;500 кг/м²;500 кг/м²;2–3 этажа;по площади;Высокая;FIFO;https://mezonin-stellag.ru/mezonin/;"Цена за м²; средняя нагрузка до 500 кг/м². Консервативно."
Мезонины;Мезонин-стеллаж;Россия;Свободностоящий мезонин;16000;"от, за м²";по проекту (высота 5–8 м);паллеты / короба;500 кг/м²;500 кг/м²;2–3 этажа;по площади;Высокая;FIFO;https://mezonin-stellag.ru/mezonin/;"Цена за м²; средняя нагрузка до 500 кг/м²."
Мезонины;Складской Порядок;Россия;Мезонин на базе среднегрузовых стеллажей;1470000;за проект;"по проекту (высота до 5,5 м)";коробки / лотки;500;;9;по площади (105 м²);Высокая;FIFO;https://sklad-prk.ru/catalog/stellaji-metallicheskie/mezonin/mezonin-na-baze-srednegruzovykh-stellazhei/;"Высота до 5,5 м; до 9 уровней; нагрузка на ярус до 500 кг; площадь проекта 105 м²; на странице цена 1,47 млн руб."
Мезонины;Склад-Сервис СПб;Россия;Мезонин для склада предприятия оптовой торговли;1349000;за проект;9017×5877×3000 (2-й этаж);паллеты / короба;1000 кг/м²;1000 кг/м²;2 этажа;по площади;Высокая;FIFO;https://sklad-servise.ru/catalog/mezonin-skladskoi/vypolnennye-raboty/mezonin-dlia-sklada-predpriiatiia-optovoi-torgovli/;В источнике размер 9017×5877 мм и высота второго этажа 3000 мм. Нагрузка 1000 кг/м².
Вертикальный — фронтальный (усиленный);УЗСО;Россия;К75 2000×1800×1050 (2 яруса);15230;за секцию;2000×1050×3000;1200×800×1500;2400;4800;2;4;Средняя;FIFO/LIFO;https://uz-so.ru;
Мезонинные (на колоннах);1Logistik;Россия;Мезонин на колоннах;11270;за м²;2500 (высота этажа);Любая (короба/паллеты);800 кг/м²;800 кг/м²;3;по площади;Высокая;FIFO;https://1logistik.ru;
Консольные (для длинномеров);ASK Logistic;Россия;Консольный K3 (усиленный);35000;за секцию;3000×600×3000;"Длинномер (трубы, профиль)";500;3000;3;9;Средняя;LIFO;https://www.asklogistic.ru;
Глубинное (без шаттла);Склад-Сервис СПб;Россия;Глубинные набивные стеллажи;9500;за паллетоместо;Глубина канала до 6–8 паллет;1200×800×1500;1500;12000;3;Высокая;Очень высокая;LIFO;https://www.sklad-srv.ru;"Консервативно: 1500 кг/ярус, 3 яруса, глубина 6–8 паллет."