id;robot_type;name;photo;price_rub;payload_kg;platform_l_mm;platform_w_mm;platform_h_mm;lift_height_mm;lift_residual_payload_kg;table_lift_height_mm;slope_pct;cargo_long_mm;cargo_pallet_l_mm;cargo_pallet_w_mm;cargo_custom_l_mm;cargo_custom_w_mm;cargo_box_l_mm;cargo_box_w_mm;positioning_mm;gripper;gripper_extra;runtime_h;range_km;speed_mps;charge_h;warehouse_height_m;lift_drive;battery;mass_kg;navigation;fork_length_mm;throughput_per_hour;manufacturer;country;availability;source_url;data_date;verified;note
R-101;AMR;Ronavi H1500;R-101.jpg;2700000;1500;1044;654;380;0;0;60;2;;;;;;1100;800;10;Подъёмный стол;;10;;1.5;2;;;;250;QR-метки и SLAM;;;Ronavi Robotics;Россия;В продаже;https://ronavi-robotics.ru/catalogue/h1500;2026-09-20;Да;
R-102;AMR;Ronavi H2000;R-102.jpg;2640000;2000;1540;990;250;0;0;60;2;;;;;;1540;990;10;Подъёмный стол;;10;;1;2;;;;320;QR-метки и SLAM;;;Ronavi Robotics;Россия;В продаже;https://ronavi-robotics.ru/catalogue/h2000;2026-09-20;Да;
R-103;FMR;Ronavi E;R-103.jpg;1700000;1200;1380;1030;245;375;0;;2;;1200;800;;;;;10;Вилы;;8;;1.5;2;;;;450;SLAM;;;Ronavi Robotics;Россия;В продаже;https://ronavi-robotics.ru/catalogue/e;2026-09-20;Да;
R-104;SR;Ronavi SR;R-104.jpg;950000;50;590;810;870;800;;;2;;;;;;590;810;10;Конвейерная платформа;;16;;3;2;;;;;;;;Ronavi Robotics;Россия;В продаже;https://ronavi-robotics.ru/catalogue/sr;2026-09-21;Да;
R-105;AMR;Ronavi M;R-105.jpg;2400000;1200;960;660;335;0;0;375;2;;;;;;960;660;10;Подъёмный стол;;8;;2.5;2;;;;;;;;Ronavi Robotics;Россия;;https://ronavi-robotics.ru/catalogue/m;2026-09-20;Да;
R-106;FMR;Automacon АК-2000-2;R-106.jpg;2520000;2000;1980;1065;2285;175;0;0;8;;1200;800;;;;;30;Вилы;;6;;2.6;2;;;LiFePO4;700;3D Laser SLAM;;;Automacon;;;https://agv.automacon.ru/en/catalog;2026-09-20;Да;
R-107;FMR;Automacon АК-С;R-107.jpg;2820000;1400;1840;1010;2000;1600;0;0;5;;1200;800;;;;;20;Вилы;;6;;1.5;2;;;LiFePO4;930;3D Laser SLAM;;;Automacon;;;https://agv.automacon.ru/en/catalog;2026-09-20;Да;
R-108;FMR;Automacon АК-R1430;R-108.jpg;4600000;1400;2095;1200;2300;3000;0;0;10;;1200;800;;;;;20;Вилы;;6;;1.5;2;;;LiFePO4;2100;3D Laser SLAM;;;Automacon;;;https://agv.automacon.ru/en/catalog;2026-09-20;Да;
R-109;FMR;Automacon АК-Z 1675;R-109.jpg;15100000;1600;2954;1550;3500;7500;0;0;10;;1200;800;;;;;10;Вилы;;6;;2.5;2;;;LiFePO4;6185;3D Laser SLAM;;;Automacon;;;https://agv.automacon.ru/en/catalog;2026-09-20;Да;
R-110;FMR;Automacon АК-XQC201E;R-110.jpg;9879900;400;2688;1496;2472;3600;0;0;6;;1200;800;;;;;10;Вилы;;6;;2;2;;;LiFePO4;3420;3D Laser SLAM;;;Automacon;;;https://agv.automacon.ru/en/catalog;2026-09-20;Да;
R-111;FMR;Automacon АК-XQC201E;R-111.jpg;9879900;2000;2688;1496;2472;12000;0;0;10;;1200;800;;;;;10;Вилы;;6;;2;2;;;LiFePO4;3420;3D Laser SLAM;;;Automacon;;;https://agv.automacon.ru/en/catalog;2026-09-20;Да;
R-112;AMR;Automacon AK-L2;R-112.jpg;966200;400;780;545;250;60;0;0;2;;;;;;700;520;10;Подъёмный стол;;8;;2;1;;;LiFePO4;96;QR-code / LSLAM / VSLAM;;;Automacon;;;https://agv.automacon.ru/en/catalog;2026-09-20;Да;
R-113;AMR;Automacon AK-L3;R-113.jpg;997500;600;940;650;250;60;0;0;2;;;;;;850;600;10;Подъёмный стол;;8;;2;1.5;;;LiFePO4;130;QR-code / LSLAM / VSLAM;;;Automacon;;;https://agv.automacon.ru/en/catalog;2026-09-20;Да;
R-114;AMR;Automacon AK-L5;R-114.jpg;1180000;1500;1150;820;250;60;0;0;2;;;;;;1050;740;10;Подъёмный стол;;8;;2;2;;;LiFePO4;185;QR-code / LSLAM / VSLAM;;;Automacon;;;https://agv.automacon.ru/en/catalog;2026-09-20;Да;
R-115;AMR;Automacon AK-L8;R-115.jpg;2020000;2000;1520;1150;325;100;0;0;2;;;;;;1420;1050;10;Подъёмный стол;;8;;2;2.2000000000000002;;;LiFePO4;525;QR-code / LSLAM / VSLAM;;;Automacon;;;https://agv.automacon.ru/en/catalog;2026-09-20;Да;
R-116;AMR;Automacon AK-LF5;R-116.jpg;2640000;1500;1250;1056;190;350;;;2;;1300;1100;;;;;10;Вилы;;8;;1.8;1.5;;;LiFePO4;300;QR-code / LSLAM;;;Automacon;;;https://agv.automacon.ru/en/catalog;2026-09-20;Да;
R-117;SR;Ronavi SD;R-117.jpg;1400000;10;420;400;200;;;;2;;;;;;400;300;3;Конвейерная платформа;;10;;2.5;2;;;;20;QR-коды;;;Ronavi Robotics;Россия;В продаже;https://ronavi-robotics.ru/catalogue/;46289;Да;
R-118;AMR;AMR 100;R-118.jpg;1500000;150;600;400;220;;;90;2;;;;;;450;400;10;Плоская платформа;;20;;3;2;;;;25;"QR-метки, SLAM";;;МОРОС;Россия;В продаже;https://морос.рф;46289;Да;
R-119;AMR;AMR 800;R-119.jpg;1800000;800;940;640;230;;;800;2;;1200;800;;;900;600;10;Плоская платформа;;24;;2;2;;;;150;"QR-метки, SLAM";;;МОРОС;Россия;В продаже;https://морос.рф;46289;Да;
R-120;AMR;AMR 1500;R-120.jpg;2200000;1500;1080;640;230;;;1500;2;;1200;800;;;1080;640;10;Плоская платформа;;20;;1.5;2;;;;200;"QR-метки, SLAM";;;МОРОС;Россия;В продаже;https://морос.рф;46289;Да;
R-121;AMR;DMR 1200;R-121.jpg;4000000;1200;1115;845;255;60;0;1200;2;;1200;800;;;850;600;5;Подъёмный стол;;8;;2;2;;;Li-ion;;SLAM (лидар);;;ДиКом;Россия;В продаже;https://dikom-a.ru;46289;Да;
R-122;AMR;DMR 600;R-122.jpg;3750000;600;960;650;250;60;0;600;5;;1200;800;;;850;600;5;Подъёмный стол;;8;;2;2;;;Li-ion;;SLAM + QR-метки;;;ДиКом;Россия;В продаже;https://dikom-a.ru;46289;Да;
R-123;FMR;DMR Carrier P;R-123.jpg;4300000;1500;1975;1000;2050;1600;1500;;5;;1200;800;;;;;10;Вилы;;10;;1.5;2;;;Li-ion;;SLAM;;;ДиКом;Россия;В продаже;https://dikom-a.ru;46289;Да;
R-124;FMR;Робот-штабелёр RoboCV;R-124.jpg;2500000;1400;2100;1100;3000;7000;0;;4;;1200;800;1200;1000;;;20;Вилы;;24;;2;2;;;Li-ion / Pb;1200;"Лидары, одометрия, безынфраструктурная";;;RoboCV;Россия;В продаже;https://robocv.ru;46289;Да;
R-125;UGV;Робот-тягач RoboCV;R-125.jpg;2500000;5000;1600;800;2200;;;;4;;1200;800;1200;1000;;;30;Вилы;;24;;2.2000000000000002;2;;;Li-ion / Pb;1220;Лазерная (лидары);;;RoboCV;Россия;В продаже;https://robocv.ru;46289;Да;
R-126;ASRS;AS-RS P;R-126.jpg;10000000;3000;1300;900;125;12000;0;60;;;1200;800;;;;;5;Подъёмный стол;;Стационарно;;2;;12;;;;Рельсовая;;;ДиКом;Россия;В продаже;https://dikom-a.ru;46289;Да;
R-127;ASRS;AS-RS B;R-127.jpg;10000000;30;1300;900;125;12000;0;60;;;;;;;600;400;5;Подъёмный стол;;Стационарно;;4;;12;;;;Рельсовая;;;ДиКом;Россия;В продаже;https://dikom-a.ru;46289;Да;
R-128;ASRS;Pallet Shuttle;R-128.jpg;7000000;1500;1209;998;125;12000;0;60;;;1200;800;1200;1000;;;2;Подъёмный стол;;;;2;;;;LTO;370;Рельсовая;;;Разные производители;Россия;В продаже;https://mujin-corp.com;46289;Да;
R-129;AMR;Galaxis FM100Q;R-129.jpg;900000;100;720;500;320;60;0;60;6;;;;;;720;500;5;Подъёмный стол;;12;;2.2000000000000002;1.5;;Электрический (ШВП);Li-ion;90;QR-метки;;;Zhejiang Galaxis Technology group Co.Ltd;Китай;В продаже;"https://en.galaxis-tech.com (каталог AMR Robot Solutions, PDF предоставлен пользователем)";2026-09-26;Нет;
R-130;AMR;Galaxis FM300QS;R-130.jpg;1300000;300;840;600;290;60;0;80;6;;;;;;840;600;5;Подъёмный стол;;8;;2.2000000000000002;1.5;;Электрический (ШВП);Li-ion;135;QR-метки и SLAM;;;Zhejiang Galaxis Technology group Co.Ltd;Китай;В продаже;"https://en.galaxis-tech.com (каталог AMR Robot Solutions, PDF предоставлен пользователем)";2026-09-26;Нет;
R-131;AMR;Galaxis FM1000QS;R-131.jpg;2200000;1000;1150;820;315;60;0;50;6;;;;;;1150;820;5;Подъёмный стол;;8;;1.2;1.5;;Электрический (ШВП);Li-ion;260;QR-метки и SLAM;;;Zhejiang Galaxis Technology group Co.Ltd;Китай;В продаже;"https://en.galaxis-tech.com (каталог AMR Robot Solutions, PDF предоставлен пользователем)";2026-09-26;Нет;
R-132;AMR;Galaxis FM1500QS;R-132.jpg;2800000;1500;1600;900;370;60;0;5;6;;1200;800;;;;;10;Подъёмный стол;;8;;1.2;1.5;;Электрический (одинарный);Li-ion;700;QR-метки и SLAM;;;Zhejiang Galaxis Technology group Co.Ltd;Китай;В продаже;"https://en.galaxis-tech.com (каталог AMR Robot Solutions, PDF предоставлен пользователем)";2026-09-26;Нет;
R-133;AMR;Galaxis FM2000QS;R-133.jpg;3400000;2000;1900;1200;370;60;0;5;6;;1200;800;;;;;10;Подъёмный стол;;8;;1.2;1.5;;Гидравлический;Li-ion;800;QR-метки и SLAM;;;Zhejiang Galaxis Technology group Co.Ltd;Китай;В продаже;"https://en.galaxis-tech.com (каталог AMR Robot Solutions, PDF предоставлен пользователем)";2026-09-26;Нет;
R-134;AMR;Galaxis FM3000QS;R-134.jpg;4600000;3000;2000;1400;480;60;0;5;6;;1200;800;;;;;10;Подъёмный стол;;8;;1.2;1.5;;Гидравлический;Li-ion;900;QR-метки и SLAM;;;Zhejiang Galaxis Technology group Co.Ltd;Китай;В продаже;"https://en.galaxis-tech.com (каталог AMR Robot Solutions, PDF предоставлен пользователем)";2026-09-26;Нет;
R-135;AMR;Galaxis FR100QS;R-135.jpg;850000;50;720;500;520;;;;6;;;;;;720;500;5;Конвейерная платформа;;12;;2.2000000000000002;1.5;;;Li-ion;100;QR-метки и SLAM;;;Zhejiang Galaxis Technology group Co.Ltd;Китай;В продаже;"https://en.galaxis-tech.com (каталог AMR Robot Solutions, PDF предоставлен пользователем)";2026-09-26;Нет;
R-136;AMR;Galaxis FR500Q;R-136.jpg;1800000;500;940;690;520;;;;6;;;;;;940;690;5;Конвейерная платформа;;6;;2.2000000000000002;1.5;;;Li-ion;220;QR-метки;;;Zhejiang Galaxis Technology group Co.Ltd;Китай;В продаже;"https://en.galaxis-tech.com (каталог AMR Robot Solutions, PDF предоставлен пользователем)";2026-09-26;Нет;
R-137;CTU;Galaxis FS1Q;R-137.jpg;2500000;40;1150;820;5000;4550;40;;3;;;;;;500;600;5;Кастомный крюк;;8;;1.2;1.5;;;Li-ion;300;QR-метки;;;Zhejiang Galaxis Technology group Co.Ltd;Китай;В продаже;"https://en.galaxis-tech.com (каталог AMR Robot Solutions, PDF предоставлен пользователем)";2026-09-26;Нет;
R-138;CTU;Galaxis FS3Q;R-138.jpg;2800000;30;1400;900;5000;4550;30;;3;;;;;;800;600;5;Кастомный крюк;;10;;1.5;1.5;;;Li-ion;350;QR-метки;;;Zhejiang Galaxis Technology group Co.Ltd;Китай;В продаже;"https://en.galaxis-tech.com (каталог AMR Robot Solutions, PDF предоставлен пользователем)";2026-09-26;Нет;
R-139;CTU;Galaxis FS1NQS;R-139.jpg;2600000;30;1730;950;4565;4000;30;;3;;;;;;1000;600;10;Кастомный крюк;;7;;1.5;1.5;;;Li-ion;720;QR-метки и SLAM;;;Zhejiang Galaxis Technology group Co.Ltd;Китай;В продаже;"https://en.galaxis-tech.com (каталог AMR Robot Solutions, PDF предоставлен пользователем)";2026-09-26;Нет;
R-140;FMR;Galaxis PTR CL1QS (Cyber Lift);R-140.jpg;3800000;1000;1500;1500;3080;2000;1000;;3;;1200;800;;;;;10;Вилы;;8;;1.2;1.5;;Электрический (ШВП);Li-ion;1000;QR-метки и SLAM;;;Zhejiang Galaxis Technology group Co.Ltd;Китай;В продаже;"https://en.galaxis-tech.com (каталог AMR Robot Solutions, PDF предоставлен пользователем)";2026-09-26;Нет;
R-141;FMR;Galaxis PTR CL2QS (Cyber Lift);R-141.jpg;4200000;1200;1500;1500;3080;2000;1200;;3;;1200;800;;;;;10;Вилы;;8;;1.2;1.5;;Электрический (ШВП);Li-ion;1200;QR-метки и SLAM;;;Zhejiang Galaxis Technology group Co.Ltd;Китай;В продаже;"https://en.galaxis-tech.com (каталог AMR Robot Solutions, PDF предоставлен пользователем)";2026-09-26;Нет;
R-142;AGV;Galaxis MR1000S;R-142.jpg;5500000;2052;1640;990;1990;1950;2052;;3;;1200;800;;;;;10;Вилы;;8;;1.2;1.5;;Гидравлический;Li-ion;795;Лазерные рефлекторы;;;Zhejiang Galaxis Technology group Co.Ltd;Китай;В продаже;"https://en.galaxis-tech.com (каталог AMR Robot Solutions, PDF предоставлен пользователем)";2026-09-26;Нет;
R-143;AGV;Galaxis MR1500S;R-143.jpg;5000000;2200;1620;910;1940;125;2200;;3;;1200;800;;;;;10;Вилы;;8;;1.5;1.5;;Гидравлический;Li-ion;450;Лазерные рефлекторы;;;Zhejiang Galaxis Technology group Co.Ltd;Китай;В продаже;"https://en.galaxis-tech.com (каталог AMR Robot Solutions, PDF предоставлен пользователем)";2026-09-26;Нет;
R-201;AGV;EP PR15;R-201.jpg;1185000;1500;1620;636;1250;90;1500;;3;;1200;800;;;;;20;Вилы;;8;;1.25;1.5;;Электрический;Li-ion;180;Визуальная (камеры);1150;;EP Equipment;Китай;В продаже;https://www.kiit.ru/product/avtomaticheskiy-transportirovshchik-pallet-ep-pr15/;46292;Нет;"Кобот-транспортировщик паллет, ручной и авто режим. Цена витрины РФ 1,05–1,19 млн ₽."
R-202;AGV;Wellwit WD500SL;R-202.jpg;2100000;500;1050;580;300;70;500;70;5;;;;;;700;500;10;Подъёмный стол;;8;;1.5;2;;;Li-ion;350;Лидар (SLAM);;;Wellwit Robotics;Китай;Под заказ;https://ru.made-in-china.com/co_wellwit/;46292;Нет;"Латентный/буксирный AGV 500 кг. FOB около $15–17 тыс.; в каталоге оценка landed РФ."
R-203;AGV;Wellwit Pallet AGV 1200;R-203.jpg;3200000;1200;1600;800;400;110;1200;;4;;1200;800;;;;;10;Вилы;;8;;1.2;2;;Гидравлический;Li-ion;450;Лидар (SLAM);1150;;Wellwit Robotics;Китай;Под заказ;https://www.made-in-china.com/products-search/hot-china-products/Pallet_Agv_Price.html;46292;Нет;"Паллетный AGV 1,2 т. Типичный FOB $18–33 тыс."
R-204;AGV;Pallet Forklift AGV 2500;R-204.jpg;4800000;2500;2515;1270;2190;3000;1800;;5;;1200;800;;;;;15;Вилы;;6;;1.5;2;;Гидравлический;Li-ion;2200;Лидар (SLAM);1070;;OEM Китай;Китай;Под заказ;https://en.ibenrobot.com/article/13/1305.html;46292;Нет;"Вилочный AGV 2,5 т, оценка mid/high SLAM. Габариты — ориентир класса CQD25."
R-205;AGV;Geek+ P1200R;R-205.jpg;4200000;1200;1600;1000;350;60;1200;60;5;;1200;800;;;;;10;Подъёмный стол;;8;;1.5;1.5;;Электрический;Li-ion;400;Лидар (SLAM);;;Geek+;Китай;Под заказ;https://www.geekplus.com/;46292;Нет;"Pallet-to-person / moving AMR 1,2 т. Публичный коридор $35–66 тыс., enterprise only."
R-211;SR;Geek+ S20T;R-211.jpg;1200000;10;460;400;200;;;;5;;;;;;400;400;10;Конвейерная платформа;;6;;2.5;1.5;;;Li-ion;18;QR-метки;;7500;Geek+;Китай;Под заказ;https://www.geekplus.com/robot/s-robot;46292;Нет;"Напольная сортировочная тележка 10 кг, до 2,5 м/с. Производительность — ориентир системы."
R-212;SR;Geek+ S20C;R-212.jpg;1500000;20;560;600;1027;;;;5;;;;;;600;420;10;Конвейерная платформа;;6;;2.5;1.5;;;Li-ion;75;QR-метки;;3000;Geek+;Китай;Под заказ;https://www.geekplus.com/hubfs/S-series.pdf;46292;Нет;"Сортировка 20 кг, высота стола ~1000 мм. Самый массовый SKU S-серии."
R-213;SR;Geek+ S100C;R-213.jpg;2400000;100;1170;832;590;;;;5;;;;;;750;1000;10;Конвейерная платформа;;6;;2;1.5;;;Li-ion;230;QR-метки;;2000;Geek+;Китай;Под заказ;https://www.geekplus.jp/products/sorting/spec/;46292;Нет;"Крупная посылка / короб до 100 кг, груз до 750×1000 мм."
R-221;MM;MiR250 + UR5e;R-221.jpg;8500000;5;800;580;1600;;;;5;;;;400;400;400;300;3;Вакуумный захват;Кастомный крюк;13;;2;1;;;Li-ion;130;Лидар (SLAM);;20;MiR + Universal Robots;Дания;Под заказ;https://mobile-industrial-robots.com/products/robots/mir250/specifications;46292;Нет;Платформа 250 кг + рука 5 кг. В поле грузоподъёмности — нагрузка руки.
R-222;MM;MiR250 + Doosan M1013;R-222.jpg;9800000;10;800;580;1700;;;;5;;;;500;400;500;400;3;Вакуумный захват;Кастомный крюк;12;;2;1;;;Li-ion;130;Лидар (SLAM);;15;MiR + Doosan Robotics;Дания;Под заказ;https://www.doosanrobotics.com/;46292;Нет;10 кг / вылет 1300 мм. В поле грузоподъёмности — нагрузка руки.
R-223;MM;MiR MC600-20;R-223.jpg;16500000;20;1350;920;1870;;;;5;;;;600;400;600;400;1;Вакуумный захват;;18.5;;1.5;1.5;;;Li-ion;400;Лидар (SLAM);;12;Mobile Industrial Robots;Дания;Под заказ;https://www.elmark.com.pl/producenci/mobile-industrial-robots;46292;Нет;"Интегрированный MM, витрина от 716 000 zł netto. Платформа до 380 кг, рука UR20."
R-231;DOG;Unitree Go2 Pro;R-231.jpg;350000;8;700;310;400;;;;40;;;;;;300;200;50;Плоская платформа;;2;;3.5;1.5;;;Li-ion;15;Лидар (SLAM);;;Unitree Robotics;Китай;В продаже;https://www.unitree.com/cn/mobile/go2/;46292;Нет;Открытая цена Pro $2 800 (Air $1 600 / ¥9 997). Для инспекции и мелкой доставки.
R-232;DOG;Unitree Go2 EDU;R-232.jpg;1100000;10;700;310;400;;;;40;;;;;;300;200;50;Плоская платформа;;3;;3.7;2;;;Li-ion;15;Лидар (SLAM);;;Unitree Robotics;Китай;В продаже;https://www.unitree.com/cn/mobile/go2/;46292;Нет;"EDU с SDK/ROS2, батарея увеличенная 2–4 ч. Реселлеры $3 790–11 190."
R-233;DOG;Unitree B2;R-233.jpg;6500000;40;1098;450;645;;;;45;;;;;;400;300;50;Плоская платформа;Кастомный крюк;5;20;6;2;;;Li-ion;60;Лидар (SLAM);;;Unitree Robotics;Китай;Под заказ;https://www.unitree.com;46292;Нет;"Индустриальный квадропед: 40 кг на ходу, 120 кг стоя, IP67, 4–6 ч, до 6 м/с."
R-241;HUM;Unitree R1 Basic;R-241.jpg;900000;2;450;350;1230;;;;20;;;;;;200;150;20;Кастомный крюк;;2;;1.5;1.5;;;Li-ion;;Лидар (SLAM);;;Unitree Robotics;Китай;В продаже;https://www.unitree.com;46292;Нет;"Компактный гуманоид, US list $6 870–8 990. Для демо и образования, не для паллет."
R-242;HUM;Unitree G1;R-242.jpg;1600000;3;450;200;1320;;;;20;;;;;;250;200;20;Кастомный крюк;;2;;2;1.5;;;Li-ion;35;Лидар (SLAM);;;Unitree Robotics;Китай;В продаже;https://www.unitree.com/mobile/g1;46292;Нет;"Официально от $13 500. 23–43 DOF, рука 2 кг (base) / 3 кг (EDU), ~2 ч, 35 кг."
R-243;HUM;Unitree H1;R-243.jpg;8500000;7;600;300;1800;;;;20;;;;;;300;250;20;Кастомный крюк;;2;;3.3;2;;;Li-ion;47;Лидар (SLAM);;;Unitree Robotics;Китай;Под заказ;https://www.unitree.com;46292;Нет;"Полноростовой 180 см / 47 кг, нагрузка руки ~7 кг, до 3,3 м/с. List $90–150 тыс."