product_id;company;name;subtype;price_rub;scenario_from_catalog;payload_kg;length_mm;width_mm;height_mm;speed_m_s;throughput_units_per_h;battery_autonomy_h;charge_time_h;positioning_accuracy_mm;navigation_type;min_aisle_width_mm;floor_requirements;lift_height_mm;source_url;source_date;verified;comment
0265d700-534e-417e-8fde-47de88fc3ebb;"АО ""ОДК-СТАР""";Робот для транспортировки деталей и инструментов;Роботизированная тележка;7 500 000;Внутрипроизводственная логистика;;;;;;;;;;;;;;;;;
fceeacf0-579f-46cc-92ff-2057fea5da7f;"АО ""Эйдос Робототехника""";Модель А12-1450;Робот-манипулятор;2 000 000;Сортировка грузов;;;;;;;;;;;;;;;;;
ce44017e-6ada-421d-bbce-6869b33c2cda;"АО ""Эйдос Робототехника""";Модель А25-1720;Робот-манипулятор;2 000 000;Сортировка грузов;;;;;;;;;;;;;;;;;
19a68304-56f7-432f-afd8-b97b2b8466ba;МФТИ;Беспилотный погрузчик;Беспилотный погрузчик;3 000 000;Внутрискладская логистика;;;;;;;;;;;;;;;;;
b86f4613-789b-4cee-9f75-5d010da90b61;"ООО ""Аврора Роботикс""";Роботизированный комплекс по обследованию грунта;Роботизированная тележка;3 400 000;Обследование подземной инфраструктуры;;;;;;;;;;;;;;;;;
d55f507b-b3f2-4666-b3f4-dd3d48813e9d;"ООО ""Арипикс Роботикс""";ARIPIX А1;Робот-укладчик;2 000 000;Укладка заготовок;;;;;;;;;;;;;;;;;
0ece582a-084c-4a8b-99f4-576f0e01b7c8;"ООО ""АРС""";SmartCube;Умная система хранения;2 700 000;Внутрискладская логистика;;;;;;;;;;;;;;;;;
22b5ba99-bc4f-46a7-9a9b-e4475ecd9fc7;"ООО ""Битроботикс""";Роботизированный комплекс по укладке заготовок;Робот-укладчик;12 000 000;Укладка заготовок;;;;;;;;;;;;;;;;;
33fca97e-ef4f-459d-a773-ab58b7f84fd5;"ООО ""Геоскан""";Геоскан 401 Геодезия;;3 965 000;Контроль состояния складов и отвалов горнодобывающих компаний с использованием фотограмметрии;;;;;;;;;;;;;;;;;
242d637c-6512-4bdf-9964-2c0010259f36;"ООО ""ГК Автомакон""";Инвентаризатор AI Stock Counter 12M;Робот-инвентаризатор;2 600 000;Инвентаризация склада;;;;;;;;;;;;;;;;;
5a36611d-033e-4893-bd49-5d4f776f57dd;"ООО ""ГК Автомакон""";AK-2000-2;FMR;2 940 000;Внутрискладская логистика;;;;;;;;;;;;;;;;;
c125ce9a-8f04-4183-a136-5ddbb3c5ae89;"ООО ""Диком-Сервис""";AS-RS B;Робот-штабелёр;10 000 000;Сортировка грузов;;;;;;;;;;;;;;;;;
cebbdfa8-500a-425f-bcbc-ad2dcc106539;"ООО ""Диком-Сервис""";AS-RS P;Кран-штабелёр;10 000 000;Сортировка грузов;;;;;;;;;;;;;;;;;
5b43b013-3a2e-42ca-9013-33d0a9c39b05;"ООО ""Диком-Сервис""";DMP 15000;;4 500 000;Внутрипроизводственная логистика;;;;;;;;;;;;;;;;;
cccd0c0d-8ae7-435d-a171-45f5d82886e6;"ООО ""Диком-Сервис""";DMR 1200 (грузоподъемность до 1 200 кг);AMR;4 000 000;Внутрискладская логистика;;;;;;;;;;;;;;;;;
a83abbfd-78ee-43dc-9111-f51db4938001;"ООО ""Диком-Сервис""";DMR 300 Carrier B;AMR;10 800 000;Внутрипроизводственная логистика;;;;;;;;;;;;;;;;;
be814758-3616-4b94-befa-9848be2ac604;"ООО ""Диком-Сервис""";DMR 600 (грузоподъемность до 600 кг);AMR;3 750 000;Внутрискладская логистика;;;;;;;;;;;;;;;;;
f7634ef8-0034-4c5b-b2f0-e44a14f05a76;"ООО ""Диком-Сервис""";DMR Carrier P;;4 300 000;Внутрискладская логистика;;;;;;;;;;;;;;;;;
eff2586c-892d-4e44-a407-1ec7f06c8f76;"ООО ""Завод Стелкон""";Pallet Shuttle;Шаттл;7 000 000;Сортировка грузов;;;;;;;;;;;;;;;;;
89ffd69f-f07b-4bf2-8023-1fd765a2b6ff;"ООО ""Морос""";AMR 100 (грузоподъемность до 100 кг);AMR;1 500 000;Внутрискладская логистика;;;;;;;;;;;;;;;;;
7d5a76d2-7bf3-4a40-b6f7-64590d4d9273;"ООО ""Морос""";AMR 1500 (грузоподъемность до 1 500 кг);AMR;2 200 000;Внутрискладская логистика;;;;;;;;;;;;;;;;;
5ec66969-8fcc-47b3-b517-a9c29372fffe;"ООО ""Морос""";AMR 800 (грузоподъемность до 800 кг);AMR;1 800 000;Внутрискладская логистика;;;;;;;;;;;;;;;;;
f2b0dca0-0e77-454d-8d41-d6198a2a82b8;"ООО ""НПО ГКМП""";Беспилотный асфальтоукладчик;Беспилотный асфальтоукладчик;12 000 000;Дорожные работы;;;;;;;;;;;;;;;;;
b4a9ef38-b68a-4c0f-8512-9bc9a718c4e1;"ООО ""Робосиви""";Робот-тягач RoboCV;Беспилотный тягач;2 500 000;Внутрискладская логистика;;;;;;;;;;;;;;;;;
2ffc706d-fe43-4c2b-baad-a624a95ad3ce;"ООО ""Робосиви""";Робот-штабелёр RoboCV;Робот-штабелер;2 500 000;Внутрискладская логистика;;;;;;;;;;;;;;;;;
5760e938-9a43-45a7-b8e8-f4f2e6383930;"ООО ""Ронави Роботикс""";Ronavi H1500 (грузоподъемность до 1 500 кг);AMR;2 700 000;Внутрискладская логистика;;;;;;;;;;;;;;;;;
6f3da854-41da-4363-8496-5487f37c845a;"ООО ""Ронави Роботикс""";Ronavi H2000 (грузоподъемность до 2 000 кг);AMR;2 640 000;Внутрискладская логистика;;;;;;;;;;;;;;;;;
dcfd9975-81eb-49b5-a422-827a720ba582;"ООО ""Ронави Роботикс""";Ronavi M (грузоподъемность до 1200 кг);AMR;2 400 000;Внутрискладская логистика;;;;;;;;;;;;;;;;;
4d347e47-38f9-415b-aae1-7a6d3759a75c;"ООО ""Ронави Роботикс""";Ronavi RCM (грузоподъемность до 350 кг);AMR;2 000 000;Внутрискладская логистика;;;;;;;;;;;;;;;;;
66d8e7ad-cdcd-4287-afb0-e2afa9ef5217;"ООО ""Ронави Роботикс""";Ronavi SD (грузоподъемность до 10 кг);AMR;1 400 000;Внутрискладская логистика;;;;;;;;;;;;;;;;;
3f2aaa1b-2237-4d7b-b215-1ac5ec789ed5;"ООО ""Ронави Роботикс""";Ronavi SR (грузоподъемность до 50 кг);AMR;950 000;Внутрискладская логистика;;;;;;;;;;;;;;;;;
7dcb35ee-d630-408a-a3d7-54797ac162db;"ООО ""Свеза-Лес""";Яша;Робот-сортировщик;2 000 000;Сортировка грузов на производстве;;;;;;;;;;;;;;;;;
993d980e-8b91-45e0-9c98-50ffab6e11e4;"ООО ""Семаргл""";Сёмабот (грузоподъемность до 1 500 кг);AMR;2 500 000;Внутрискладская логистика;;;;;;;;;;;;;;;;;
3f2a1265-3c35-4823-9d20-1978c86e424b;"ООО ""Семаргл""";Tagarka (грузоподъемность до 35 000 кг);;5 000 000;Внутрипроизводственная логистика;;;;;;;;;;;;;;;;;
c9e9517c-18f0-47b4-aa05-4344566aa885;"ООО ""Семаргл""";Tagarka (грузоподъемность до 6 000 кг);AMR;8 000 000;Внутрипроизводственная логистика;;;;;;;;;;;;;;;;;
a556b956-a781-4c38-9fc8-7daeca279b59;"ООО ""Умный сервис""";Pick by light;;1 000 000;Сортировка грузов;;;;;;;;;;;;;;;;;
05505022-3ef7-43da-8279-718e7c432491;"ООО ""Умный сервис""";Pick by Voice;ПО для сортировки товаров;1 000 000;Сортировка грузов;;;;;;;;;;;;;;;;;
9dfb0b55-4d9e-47fc-8a28-ad4390147a26;"ООО ""Яндекс Роботикс""";Робот инвентаризатор;Робот инвентаризатор;2 000 000;Инвентаризация склада;;;;;;;;;;;;;;;;;
c3d39a80-5fb9-42d3-82ae-0696fb647128;"ООО ""Яндекс Роботикс""";Робот-комплектовщик;Мобильный робот-комплектовщик;2 500 000;Сортировка грузов;;;;;;;;;;;;;;;;;
ecd7d582-b342-449a-b43b-66288d159a32;ООО «СМ РОБОТИКС»;MULE;FMR;3 000 000;Внутрискладская логистика;;;;;;;;;;;;;;;;;
c87a27d2-065f-4b82-9ccc-91078a56ef15;"ПАО ""Сбербанк""";Роборука;Манипулятор;2 600 000;Сортировка грузов;;;;;;;;;;;;;;;;;